obs,Q10,Q7,Q23,Q5,Q6,Q3,Q4,Q18,Jeu,Cluster,Score_Propension,Prediction,Interet_Carte,Prediction_Interet
1,1,3,1,1,2,2,3,2,test,0,0.9404769343221504,1,Oui,Oui
2,2,0,2,2,0,3,4,3,train,2,0.1330876539643125,0,Non,Non
3,1,2,1,1,2,1,3,2,train,0,0.8079893087886679,1,Oui,Oui
4,1,3,3,1,2,2,2,4,test,1,0.7431981186276695,1,Oui,Oui
5,1,5,2,1,1,2,3,3,train,0,0.9044590139021625,1,Oui,Oui
6,2,2,2,1,3,2,2,4,test,1,0.2388624843589856,0,Non,Non
7,1,5,1,1,1,2,1,2,test,0,0.951613401648344,1,Oui,Oui
8,1,3,1,1,1,2,1,1,train,0,0.8478195455428137,1,Oui,Oui
9,1,2,4,1,2,5,3,1,test,1,0.4966901641899275,0,Oui,Non
10,2,0,0,2,0,7,5,2,test,2,0.06788330537395669,0,Non,Non
11,2,3,1,1,2,5,3,4,train,2,0.4005383428233216,0,Non,Non
12,2,2,2,1,2,3,4,3,train,2,0.3312479753118494,0,Non,Non
13,2,0,0,2,0,7,4,2,train,0,0.1425032874697846,0,Non,Non
14,1,3,1,1,2,2,2,2,train,0,0.9490357073430106,1,Oui,Oui
15,1,4,2,1,2,1,2,4,test,1,0.6222940369836266,1,Oui,Oui
16,2,2,2,1,3,2,3,4,train,2,0.2102824054195354,0,Non,Non
17,2,0,0,2,3,2,4,2,train,0,0.1945946968169108,0,Non,Non
18,1,3,4,1,2,1,3,3,train,1,0.84920374848698,1,Oui,Oui
19,2,2,1,1,2,7,4,1,train,0,0.3607492322574193,0,Non,Non
20,2,0,2,2,0,3,3,5,train,2,0.0896296189144722,0,Non,Non
21,1,5,2,1,3,2,2,1,train,0,0.7448627856742756,1,Oui,Oui
22,1,4,1,1,2,1,2,1,test,0,0.8745945365474247,1,Oui,Oui
23,2,3,1,1,2,5,4,4,train,2,0.26933622347258596,0,Non,Non
24,1,3,1,1,1,2,2,2,train,0,0.9565548861029587,1,Oui,Oui
25,1,4,1,1,2,4,3,2,test,0,0.936339193623484,1,Oui,Oui
26,1,3,1,1,2,2,3,2,test,0,0.9404769343221504,1,Oui,Oui
27,1,0,2,2,0,7,6,2,train,1,0.2735926402817293,0,Oui,Non
28,2,4,1,1,2,1,5,4,train,2,0.31652353998875166,0,Non,Non
29,1,5,1,1,2,1,2,2,train,0,0.9372447044553434,1,Oui,Oui
30,2,4,2,1,2,7,6,3,train,2,0.7092826194808433,1,Non,Oui
31,1,1,2,1,3,4,6,2,train,2,0.55090691648186,1,Oui,Oui
32,2,3,1,1,2,6,6,1,train,2,0.6075280767875648,1,Non,Oui
33,2,2,1,1,2,2,3,5,test,2,0.5631223711218528,1,Non,Oui
34,2,0,1,2,0,1,3,1,train,1,0.3261883088370739,0,Non,Non
35,1,2,2,1,3,2,2,2,train,0,0.7231383366802258,1,Oui,Oui
36,1,3,4,1,1,2,3,3,train,1,0.9158115835539068,1,Oui,Oui
37,2,2,0,1,3,3,2,1,train,0,0.13659164273407393,0,Non,Non
38,2,3,1,1,1,3,1,2,train,0,0.8352163693137907,1,Non,Oui
39,2,0,1,2,0,6,6,4,train,2,0.0632969248421682,0,Non,Non
40,1,6,1,1,1,2,2,3,train,0,0.9663829982064923,1,Oui,Oui
41,2,2,1,1,3,3,2,2,train,0,0.5472194160904205,1,Non,Oui
42,2,2,1,1,3,6,3,5,test,2,0.19918413441351118,0,Non,Non
43,1,3,1,1,3,1,3,3,train,0,0.6936117891229527,1,Oui,Oui
44,2,0,1,2,0,6,4,2,test,0,0.33929202014918225,0,Non,Non
45,2,2,0,1,3,3,2,1,train,0,0.13659164273407393,0,Non,Non
46,2,3,1,1,2,3,4,1,test,0,0.5221180704269696,1,Non,Oui
47,1,2,1,1,2,2,2,2,test,0,0.890138920968848,1,Oui,Oui
48,2,5,1,1,3,6,2,5,train,2,0.4688659134986223,0,Non,Non
49,2,2,0,1,3,2,2,2,train,0,0.5579461594301317,1,Non,Oui
50,2,0,1,2,0,6,6,5,train,2,0.09538914257356969,0,Non,Non
51,2,2,0,1,2,1,3,4,train,2,0.15132386870121195,0,Non,Non
52,1,2,1,1,2,3,1,3,train,0,0.4970914609996854,0,Oui,Non
53,2,3,1,1,3,3,6,4,train,2,0.14609727164763864,0,Non,Non
54,2,0,1,2,0,6,4,5,test,2,0.08782626147717991,0,Non,Non
55,2,0,0,2,3,1,3,3,train,0,0.1243861409790193,0,Non,Non
56,2,2,0,1,3,7,6,4,train,2,0.030223880374984014,0,Non,Non
57,1,5,1,1,1,2,3,2,train,0,0.9607509225310664,1,Oui,Oui
58,1,2,1,1,2,2,2,3,train,0,0.8110960748165629,1,Oui,Oui
59,2,1,1,1,3,6,4,5,test,2,0.1820792171883001,0,Non,Non
60,2,0,0,2,0,7,6,3,train,2,0.08796531812168709,0,Non,Non
61,2,3,2,1,3,2,1,1,train,0,0.6030054966853517,1,Non,Oui
62,1,3,2,1,2,2,2,2,test,1,0.9314595399728894,1,Oui,Oui
63,1,4,0,1,2,2,2,2,test,0,0.9154380799995835,1,Oui,Oui
64,1,6,1,1,3,2,2,2,train,0,0.9529762397099343,1,Oui,Oui
65,1,3,2,1,1,1,3,4,train,1,0.500668848430869,1,Oui,Oui
66,1,2,1,1,3,2,2,2,train,0,0.7816103047519499,1,Oui,Oui
67,1,4,1,1,2,2,2,2,train,0,0.9684512177282288,1,Oui,Oui
68,1,4,1,1,2,1,1,1,test,0,0.8262182803761208,1,Oui,Oui
69,2,2,1,1,3,7,6,4,train,2,0.08119737222764192,0,Non,Non
70,2,0,0,2,0,7,5,2,train,2,0.06788330537395669,0,Non,Non
71,2,3,0,1,3,4,3,3,test,0,0.424146035841857,0,Non,Non
72,2,0,2,2,0,6,6,2,train,2,0.291003840950919,0,Non,Non
73,1,4,3,1,2,1,3,3,test,1,0.9161639520658708,1,Oui,Oui
74,1,2,1,1,2,2,3,2,test,0,0.8730126907938788,1,Oui,Oui
75,2,0,0,2,0,6,3,4,train,2,0.03794501508832394,0,Non,Non
76,2,0,2,2,0,6,3,5,train,2,0.11297644621732866,0,Non,Non
77,2,2,0,1,3,5,2,1,test,0,0.14154748664584696,0,Non,Non
78,2,0,0,2,2,3,5,3,train,2,0.04113059610366372,0,Non,Non
79,2,2,0,1,2,3,3,4,train,2,0.08955967985913799,0,Non,Non
80,2,0,1,2,0,6,4,2,train,0,0.33929202014918225,0,Non,Non
81,2,2,0,1,2,3,3,5,train,2,0.13307568690146104,0,Non,Non
82,2,0,1,2,3,2,3,4,train,2,0.12983476747091688,0,Non,Non
83,1,3,1,1,3,2,4,2,train,0,0.793829821805417,1,Oui,Oui
84,2,3,2,1,3,2,2,4,train,1,0.4190277736013833,0,Non,Non
85,2,0,0,2,0,7,5,4,test,2,0.008674317344570219,0,Non,Non
86,1,5,0,1,3,3,2,2,test,1,0.5620789001095514,1,Oui,Oui
87,2,3,0,1,2,2,2,3,train,0,0.7767911780455965,1,Non,Oui
88,2,0,2,2,2,7,5,4,train,2,0.02333407275245391,0,Non,Non
89,1,2,1,1,3,2,1,2,train,1,0.7092874718196065,1,Oui,Oui
90,2,0,1,2,0,6,4,4,test,2,0.05811499826410951,0,Non,Non
91,1,6,3,1,2,2,2,4,train,1,0.8770039443960841,1,Oui,Oui
92,1,3,1,1,2,3,4,3,train,2,0.6093562096620876,1,Oui,Oui
93,1,5,2,1,2,2,2,2,test,1,0.9468274181217274,1,Oui,Oui
94,1,4,1,1,2,1,2,1,test,0,0.8745945365474247,1,Oui,Oui
95,1,3,1,1,1,2,2,3,train,0,0.9210592535394584,1,Oui,Oui
96,1,3,1,1,2,2,2,4,test,2,0.6911097434590064,1,Oui,Oui
97,2,2,2,1,3,3,6,4,test,2,0.05152943362325351,0,Non,Non
98,2,0,2,2,2,5,1,2,train,1,0.3671629339510998,0,Non,Non
99,2,2,1,1,2,2,3,4,train,2,0.4523585493812619,0,Non,Non
100,1,5,0,1,2,2,2,3,train,0,0.8201419093316369,1,Oui,Oui
101,1,5,1,1,2,3,3,2,train,0,0.8748605328620984,1,Oui,Oui
102,2,2,1,1,2,3,5,2,train,2,0.3594951336527713,0,Non,Non
103,2,0,0,2,0,7,6,3,train,2,0.08796531812168709,0,Non,Non
104,1,2,2,1,3,2,4,3,test,2,0.39317188309360124,0,Oui,Non
105,2,1,0,1,3,6,4,4,test,2,0.047899862661519736,0,Non,Non
106,2,0,0,2,0,3,6,3,test,2,0.07514260303248992,0,Non,Non
107,1,4,1,1,3,1,3,2,test,0,0.875655230627925,1,Oui,Oui
108,1,3,1,1,3,3,5,2,train,2,0.3629734932486471,0,Oui,Non
109,2,2,1,1,3,2,2,2,test,0,0.7816103047519499,1,Non,Oui
110,1,3,2,1,2,2,4,3,train,1,0.7712260725119525,1,Oui,Oui
111,1,2,1,1,3,2,2,2,train,0,0.7816103047519499,1,Oui,Oui
112,1,3,1,1,1,7,3,2,train,0,0.882199456532489,1,Oui,Oui
113,1,3,1,1,1,3,3,1,train,0,0.700738927272756,1,Oui,Oui
114,2,0,1,2,3,3,1,5,test,2,0.05941723629026411,0,Non,Non
115,2,2,1,1,2,4,5,2,train,2,0.4841604230124992,0,Non,Non
116,1,0,2,2,0,7,3,2,train,0,0.38399392318006054,0,Oui,Non
117,1,3,1,1,2,2,3,2,train,0,0.9404769343221504,1,Oui,Oui
118,2,3,1,1,2,1,4,4,train,2,0.3906404455145283,0,Non,Non
119,2,4,1,1,3,2,3,2,test,0,0.9200318237204278,1,Non,Oui
120,2,3,0,1,1,3,3,3,train,0,0.5410701140431469,1,Non,Oui
121,2,0,2,2,0,5,6,4,train,2,0.03821363811487167,0,Non,Non
122,2,2,2,1,2,7,3,4,train,2,0.1946216323620267,0,Non,Non
123,1,0,1,2,0,5,6,3,train,2,0.1936271933176256,0,Oui,Non
124,1,4,1,1,2,1,4,4,train,1,0.5138017444320759,1,Oui,Oui
125,2,0,1,2,0,3,6,5,train,2,0.07536796003301359,0,Non,Non
126,2,0,1,2,0,3,4,1,train,0,0.12841859377360262,0,Non,Non
127,1,2,1,1,1,1,4,2,train,0,0.732970434458202,1,Oui,Oui
128,1,4,1,1,1,2,1,2,train,0,0.9611541105445914,1,Oui,Oui
129,2,3,1,1,2,3,5,4,train,2,0.13419050901558818,0,Non,Non
130,1,2,1,1,2,6,4,3,train,1,0.467525805237279,0,Oui,Non
131,2,2,1,1,3,5,2,4,train,2,0.1314532065923525,0,Non,Non
132,1,6,1,1,1,2,3,5,train,2,0.8961559468327117,1,Oui,Oui
133,1,2,2,1,3,2,1,2,test,0,0.6403614646667312,1,Oui,Oui
134,2,3,2,1,3,2,3,5,test,2,0.4884834863543605,0,Non,Non
135,2,0,2,2,0,6,6,3,train,2,0.1786491441227554,0,Non,Non
136,2,0,2,2,0,3,6,5,train,2,0.05614651853717461,0,Non,Non
137,2,2,1,1,3,6,3,2,test,0,0.5701878866485598,1,Non,Oui
138,1,2,1,1,1,1,2,4,train,1,0.4133353081694453,0,Oui,Non
139,2,1,2,1,3,6,3,4,test,2,0.15875305022583847,0,Non,Non
140,2,2,1,1,1,6,4,4,train,2,0.19053201761572994,0,Non,Non
141,1,2,1,1,1,3,4,2,train,0,0.6022809369353982,1,Oui,Oui
142,2,3,1,1,1,5,4,4,train,2,0.30354478989843187,0,Non,Non
143,2,1,1,1,2,1,5,2,train,2,0.6227083730323953,1,Non,Oui
144,2,3,2,1,1,6,4,4,train,1,0.2830486217515226,0,Non,Non
145,1,4,1,1,2,1,2,5,test,1,0.7789019401704202,1,Oui,Oui
146,1,6,4,1,2,1,3,3,train,1,0.932772001302976,1,Oui,Oui
147,2,0,2,2,0,1,6,4,train,2,0.06463214998194418,0,Non,Non
148,2,0,0,2,0,6,5,2,train,2,0.07352845547171563,0,Non,Non
149,2,3,0,1,3,3,5,3,test,2,0.09623825482860494,0,Non,Non
150,2,0,2,2,0,3,5,4,train,2,0.015024401987554867,0,Non,Non
151,2,2,1,1,3,2,2,3,train,0,0.6547675415466727,1,Non,Oui
152,1,4,1,1,1,2,2,1,train,0,0.9308996674472385,1,Oui,Oui
153,1,2,1,1,2,1,2,3,train,0,0.7243779597847119,1,Oui,Oui
154,2,0,0,2,0,3,5,5,train,2,0.011371555396615652,0,Non,Non
155,1,4,1,1,3,5,2,2,train,0,0.8267605426679013,1,Oui,Oui
156,1,3,3,1,1,2,3,1,train,0,0.8996911175185921,1,Oui,Oui
157,1,3,3,1,2,1,2,4,train,1,0.6391767034554671,1,Oui,Oui
158,1,0,2,2,0,1,3,2,test,0,0.487657825340898,0,Oui,Non
159,2,4,1,1,3,5,3,3,test,0,0.6821195210085894,1,Non,Oui
160,2,0,1,2,2,5,2,4,test,1,0.12289741143187027,0,Non,Non
161,1,3,2,1,2,3,1,1,test,1,0.537294734359211,1,Oui,Oui
162,1,3,3,1,2,2,1,1,train,0,0.859050662898086,1,Oui,Oui
163,2,2,1,1,1,1,3,2,train,0,0.8326486639101119,1,Non,Oui
164,1,6,3,1,1,1,4,2,train,1,0.9526171571556767,1,Oui,Oui
165,2,2,2,1,3,3,6,5,train,2,0.07815319705980157,0,Non,Non
166,1,2,1,1,2,3,1,1,train,0,0.4090942130850484,0,Oui,Non
167,1,4,4,1,1,2,5,3,test,1,0.8125719239741872,1,Oui,Oui
168,2,0,0,2,0,3,5,5,train,2,0.011371555396615652,0,Non,Non
169,1,3,2,1,2,2,1,1,test,0,0.7747081219022212,1,Oui,Oui
170,1,0,1,2,0,2,5,1,test,0,0.16051561323781624,0,Oui,Non
171,1,4,3,1,3,7,2,2,train,1,0.8754800153277403,1,Oui,Oui
172,2,2,0,1,2,3,6,4,train,2,0.0561010966637179,0,Non,Non
173,1,2,1,1,2,2,2,4,train,1,0.49328847403691695,0,Oui,Non
174,2,1,2,1,3,7,3,4,test,1,0.14760724128913413,0,Non,Non
175,2,0,1,2,0,6,2,1,train,0,0.289364557543858,0,Non,Non
176,1,4,4,1,1,2,1,4,train,1,0.765621089513048,1,Oui,Oui
177,2,6,1,1,3,7,3,3,test,0,0.7850782751659368,1,Non,Oui
178,1,6,3,1,1,3,5,2,train,1,0.8293700751929024,1,Oui,Oui
179,2,0,1,2,3,2,3,1,train,0,0.3155061157564128,0,Non,Non
180,2,3,2,1,3,2,2,4,test,2,0.4190277736013833,0,Non,Non
181,1,2,2,1,2,6,3,2,train,0,0.6866945049378431,1,Oui,Oui
182,2,4,0,1,1,2,3,4,train,2,0.566142755732306,1,Non,Oui
183,1,3,1,1,2,4,1,1,train,0,0.7268354479122234,1,Oui,Oui
184,2,0,2,2,0,5,5,5,train,2,0.02420824779708121,0,Non,Non
185,1,0,1,2,0,2,1,1,test,0,0.3885379755216852,0,Oui,Non
186,1,4,3,1,2,2,1,4,train,1,0.7648309974682204,1,Oui,Oui
187,1,5,1,1,2,3,3,4,test,1,0.45651687846347383,0,Oui,Non
188,2,2,2,1,3,2,4,4,test,2,0.12808538601397781,0,Non,Non
189,1,0,1,2,0,3,6,1,train,0,0.1389445152885745,0,Oui,Non
190,1,3,1,1,3,1,2,1,train,0,0.6514185814744343,1,Oui,Oui
191,2,4,1,1,2,2,1,2,test,0,0.9543929815234424,1,Non,Oui
192,1,3,1,1,2,2,2,1,test,0,0.8736066582236047,1,Oui,Oui
193,1,2,2,1,1,2,2,2,train,1,0.8748661384726035,1,Oui,Oui
194,2,2,1,1,1,7,6,4,train,2,0.19130014873700885,0,Non,Non
195,1,4,2,1,2,2,3,2,train,1,0.9500205888435563,1,Oui,Oui
196,2,0,2,2,2,1,2,4,test,1,0.15098521345126192,0,Non,Non
197,1,6,1,1,1,2,1,1,train,0,0.9320935549907743,1,Oui,Oui
198,2,0,0,2,0,7,4,5,train,2,0.030216890700966625,0,Non,Non
199,2,2,2,1,3,4,3,1,train,0,0.31718005286290185,0,Non,Non
200,2,0,1,2,0,4,3,2,test,0,0.5461241508899146,1,Non,Oui
201,1,4,1,1,3,2,2,3,train,0,0.8778326902371347,1,Oui,Oui
202,1,2,1,1,3,2,1,1,train,0,0.4752293559511388,0,Oui,Non
203,1,3,1,1,2,6,3,5,train,1,0.5641063758618007,1,Oui,Oui
204,2,0,2,2,0,7,5,4,test,2,0.017785526097336662,0,Non,Non
205,2,0,1,2,0,3,6,3,train,2,0.18724566273067833,0,Non,Non
206,1,2,2,1,1,2,3,2,train,0,0.8557448781325792,1,Oui,Oui
207,2,2,1,1,3,2,3,5,train,2,0.3627976934549308,0,Non,Non
208,1,3,4,1,1,1,3,2,train,1,0.92627990743706,1,Oui,Oui
209,1,5,1,1,2,6,3,2,train,1,0.9004387530178591,1,Oui,Oui
210,1,5,2,1,2,2,2,2,train,0,0.9468274181217274,1,Oui,Oui
211,1,6,1,1,3,6,2,2,train,1,0.898509989746227,1,Oui,Oui
212,1,2,1,1,3,4,3,1,test,0,0.38894026561311623,0,Oui,Non
213,1,4,2,1,3,6,3,4,train,1,0.30589501505824,0,Oui,Non
214,2,0,2,2,0,4,2,5,test,1,0.16250708823057458,0,Non,Non
215,1,3,2,1,2,1,4,3,train,1,0.6735712511499282,1,Oui,Oui
216,1,5,3,1,2,1,3,3,test,1,0.8967603560749076,1,Oui,Oui
217,1,3,4,1,2,6,3,4,train,1,0.4767865825640716,0,Oui,Non
218,1,2,2,1,3,1,3,2,train,0,0.5756446748085816,1,Oui,Oui
219,2,2,0,1,3,1,4,3,train,2,0.16082321741188252,0,Non,Non
220,1,6,1,1,1,2,5,5,train,2,0.6759975043928876,1,Oui,Oui
221,2,0,1,2,0,3,5,2,train,2,0.14818095429840178,0,Non,Non
222,2,0,0,2,3,3,2,2,train,0,0.14842707281033174,0,Non,Non
223,1,4,1,1,2,1,3,2,test,0,0.9409774722793608,1,Oui,Oui
224,1,4,4,1,2,2,1,1,test,1,0.8951207143745036,1,Oui,Oui
225,2,3,0,1,1,6,4,5,test,2,0.22940894595849953,0,Non,Non
